Sequence Name	Kmer ID	SNV Position (1-indexed)	Reference Nucleotide	Alternate Nucleotide	Kmer Start Position (1-indexed)	Kmer End Position (1-indexed)	Reference Kmer	Alternate Kmer	Site Direction	Reference Value	Alternate Value	Fold Change	SNV Effect
hZRS	ETS:75	327	T	C	330	323	TGTTTCTA	TGTTCCTA	-		0.11		denovo
hZRS	ETS:1	328	C	A	335	328	CTATCCTG	ATATCCTG	-	0.15	0.39	2.6	inc
hZRS	ETS:1	328	C	G	335	328	CTATCCTG	GTATCCTG	-	0.15	0.26	1.733	inc
hZRS	ETS:1	328	C	T	335	328	CTATCCTG	TTATCCTG	-	0.15	0.14	0.933	dec
hZRS	ETS:76	329	T	C	331	324	GTTTCTAT	GTTTCCAT	-		0.11		denovo
hZRS	ETS:1	329	T	A	335	328	CTATCCTG	CAATCCTG	-	0.15	0.11	0.733	dec
hZRS	ETS:1	329	T	G	335	328	CTATCCTG	CGATCCTG	-	0.15	0.11	0.733	dec
hZRS	ETS:1	329	T	C	335	328	CTATCCTG	CCATCCTG	-	0.15	0.15	1.0	dec
hZRS	ETS:1	330	A	C	335	328	CTATCCTG	CTCTCCTG	-	0.15	0.09	0.6	dec
hZRS	ETS:1	330	A	T	335	328	CTATCCTG	CTTTCCTG	-	0.15	0.17	1.133	dec
hZRS	ETS:1	330	A	G	335	328	CTATCCTG	CTGTCCTG	-	0.15	0.1	0.667	dec
hZRS	ETS:1	331	T	A	335	328	CTATCCTG	CTAACCTG	-	0.15			del
hZRS	ETS:1	331	T	G	335	328	CTATCCTG	CTAGCCTG	-	0.15			del
hZRS	ETS:1	331	T	C	335	328	CTATCCTG	CTACCCTG	-	0.15			del
hZRS	ETS:1	332	C	A	335	328	CTATCCTG	CTATACTG	-	0.15			del
hZRS	ETS:1	332	C	G	335	328	CTATCCTG	CTATGCTG	-	0.15			del
hZRS	ETS:1	332	C	T	335	328	CTATCCTG	CTATTCTG	-	0.15			del
hZRS	ETS:1	333	C	T	335	328	CTATCCTG	CTATCTTG	-	0.15			del
hZRS	ETS:1	333	C	A	335	328	CTATCCTG	CTATCATG	-	0.15			del
hZRS	ETS:1	333	C	G	335	328	CTATCCTG	CTATCGTG	-	0.15			del
hZRS	ETS:1	334	T	G	335	328	CTATCCTG	CTATCCGG	-	0.15	0.24	1.6	inc
hZRS	ETS:1	334	T	C	335	328	CTATCCTG	CTATCCCG	-	0.15	0.09	0.6	dec
hZRS	ETS:1	334	T	A	335	328	CTATCCTG	CTATCCAG	-	0.15	0.1	0.667	dec
hZRS	ETS:1	335	G	A	335	328	CTATCCTG	CTATCCTA	-	0.15	0.11	0.733	dec
hZRS	ETS:1	335	G	C	335	328	CTATCCTG	CTATCCTC	-	0.15	0.11	0.733	dec
hZRS	ETS:1	335	G	T	335	328	CTATCCTG	CTATCCTT	-	0.15	0.12	0.8	dec
hZRS	ETS:77	340	A	C	342	335	GTGTCACA	GTGTCCCA	-		0.11		denovo
hZRS	ETS:78	346	T	G	344	351	TTTGAAAT	TTGGAAAT	+		0.11		denovo
hZRS	ETS:79	348	A	G	345	352	TTGAAATT	TTGGAATT	+		0.12		denovo
hZRS	ETS:80	351	T	C	358	351	TTGTCCTG	CTGTCCTG	-	0.11	0.1	0.909	dec
hZRS	ETS:80	351	T	A	358	351	TTGTCCTG	ATGTCCTG	-	0.11	0.15	1.364	inc
hZRS	ETS:80	351	T	G	358	351	TTGTCCTG	GTGTCCTG	-	0.11	0.11	1.0	dec
hZRS	ETS:80	352	T	C	358	351	TTGTCCTG	TCGTCCTG	-	0.11	0.12	1.091	dec
hZRS	ETS:80	352	T	G	358	351	TTGTCCTG	TGGTCCTG	-	0.11	0.09	0.818	dec
hZRS	ETS:80	352	T	A	358	351	TTGTCCTG	TAGTCCTG	-	0.11	0.11	1.0	dec
hZRS	ETS:80	353	G	A	358	351	TTGTCCTG	TTATCCTG	-	0.11	0.14	1.273	inc
hZRS	ETS:80	353	G	C	358	351	TTGTCCTG	TTCTCCTG	-	0.11	0.12	1.091	dec
hZRS	ETS:80	353	G	T	358	351	TTGTCCTG	TTTTCCTG	-	0.11	0.18	1.636	inc
hZRS	ETS:80	354	T	C	358	351	TTGTCCTG	TTGCCCTG	-	0.11			del
hZRS	ETS:80	354	T	A	358	351	TTGTCCTG	TTGACCTG	-	0.11			del
hZRS	ETS:80	354	T	G	358	351	TTGTCCTG	TTGGCCTG	-	0.11			del
hZRS	ETS:80	355	C	G	358	351	TTGTCCTG	TTGTGCTG	-	0.11			del
hZRS	ETS:80	355	C	T	358	351	TTGTCCTG	TTGTTCTG	-	0.11			del
hZRS	ETS:80	355	C	A	358	351	TTGTCCTG	TTGTACTG	-	0.11			del
hZRS	ETS:80	356	C	T	358	351	TTGTCCTG	TTGTCTTG	-	0.11			del
hZRS	ETS:80	356	C	G	358	351	TTGTCCTG	TTGTCGTG	-	0.11			del
hZRS	ETS:80	356	C	A	358	351	TTGTCCTG	TTGTCATG	-	0.11			del
hZRS	ETS:80	357	T	A	358	351	TTGTCCTG	TTGTCCAG	-	0.11	0.1	0.909	dec
hZRS	ETS:80	357	T	G	358	351	TTGTCCTG	TTGTCCGG	-	0.11	0.13	1.182	dec
hZRS	ETS:80	357	T	C	358	351	TTGTCCTG	TTGTCCCG	-	0.11	0.11	1.0	dec
hZRS	ETS:80	358	G	A	358	351	TTGTCCTG	TTGTCCTA	-	0.11	0.12	1.091	dec
hZRS	ETS:80	358	G	C	358	351	TTGTCCTG	TTGTCCTC	-	0.11	0.1	0.909	dec
hZRS	ETS:80	358	G	T	358	351	TTGTCCTG	TTGTCCTT	-	0.11	0.1	0.909	dec
hZRS	ETS:81	360	T	A	356	363	CTGGTTTA	CTGGATTA	+		0.11		denovo
hZRS	ETS:82	363	A	C	370	363	ATGTCCCT	CTGTCCCT	-	0.11	0.09	0.818	dec
hZRS	ETS:82	363	A	T	370	363	ATGTCCCT	TTGTCCCT	-	0.11	0.1	0.909	dec
hZRS	ETS:82	363	A	G	370	363	ATGTCCCT	GTGTCCCT	-	0.11	0.1	0.909	dec
hZRS	ETS:82	364	T	A	370	363	ATGTCCCT	AAGTCCCT	-	0.11	0.1	0.909	dec
hZRS	ETS:82	364	T	G	370	363	ATGTCCCT	AGGTCCCT	-	0.11	0.11	1.0	dec
hZRS	ETS:82	364	T	C	370	363	ATGTCCCT	ACGTCCCT	-	0.11	0.1	0.909	dec
hZRS	ETS:82	365	G	A	370	363	ATGTCCCT	ATATCCCT	-	0.11	0.13	1.182	dec
hZRS	ETS:82	365	G	C	370	363	ATGTCCCT	ATCTCCCT	-	0.11	0.09	0.818	dec
hZRS	ETS:82	365	G	T	370	363	ATGTCCCT	ATTTCCCT	-	0.11	0.16	1.455	inc
hZRS	ETS:82	366	T	C	370	363	ATGTCCCT	ATGCCCCT	-	0.11			del
hZRS	ETS:82	366	T	A	370	363	ATGTCCCT	ATGACCCT	-	0.11			del
hZRS	ETS:82	366	T	G	370	363	ATGTCCCT	ATGGCCCT	-	0.11			del
hZRS	ETS:83	367	C	T	371	364	TGTCCCTT	TGTTCCTT	-		0.11		denovo
hZRS	ETS:82	367	C	T	370	363	ATGTCCCT	ATGTTCCT	-	0.11			del
hZRS	ETS:82	367	C	A	370	363	ATGTCCCT	ATGTACCT	-	0.11			del
hZRS	ETS:82	367	C	G	370	363	ATGTCCCT	ATGTGCCT	-	0.11			del
hZRS	ETS:82	368	C	A	370	363	ATGTCCCT	ATGTCACT	-	0.11			del
hZRS	ETS:82	368	C	G	370	363	ATGTCCCT	ATGTCGCT	-	0.11			del
hZRS	ETS:82	368	C	T	370	363	ATGTCCCT	ATGTCTCT	-	0.11			del
hZRS	ETS:82	369	C	A	370	363	ATGTCCCT	ATGTCCAT	-	0.11	0.1	0.909	dec
hZRS	ETS:82	369	C	G	370	363	ATGTCCCT	ATGTCCGT	-	0.11	0.14	1.273	inc
hZRS	ETS:82	369	C	T	370	363	ATGTCCCT	ATGTCCTT	-	0.11	0.13	1.182	dec
hZRS	ETS:82	370	T	A	370	363	ATGTCCCT	ATGTCCCA	-	0.11	0.1	0.909	dec
hZRS	ETS:82	370	T	G	370	363	ATGTCCCT	ATGTCCCG	-	0.11	0.11	1.0	dec
hZRS	ETS:82	370	T	C	370	363	ATGTCCCT	ATGTCCCC	-	0.11	0.1	0.909	dec
hZRS	ETS:85	376	C	G	373	380	TGGCAAAC	TGGGAAAC	+		0.11		denovo
hZRS	ETS:84	376	C	A	372	379	TTGGCAAA	TTGGAAAA	+		0.11		denovo
hZRS	ETS:86	383	A	C	386	379	ACTTACAT	ACTTCCAT	-		0.13		denovo
hZRS	ETS:87	392	T	G	390	397	AGTGACCT	AGGGACCT	+		0.11		denovo
hZRS	ETS:88	394	A	T	398	391	GTGACCTT	GTGTCCTT	-		0.1		denovo
hZRS	ETS:89	400	T	G	397	404	TTGTACTG	TTGGACTG	+		0.1		denovo
hZRS	ETS:90	401	A	C	404	397	TTGTACTG	TTGTCCTG	-		0.11		denovo
hZRS	ETS:91	405	T	G	402	409	CTGTATTT	CTGGATTT	+		0.12		denovo
hZRS	ETS:92	412	T	G	410	417	TATGACCA	TAGGACCA	+		0.08		denovo
hZRS	ETS:93	414	A	T	418	411	ATGACCAG	ATGTCCAG	-		0.09		denovo
hZRS	ETS:94	417	A	G	415	422	CCAGATGA	CCGGATGA	+		0.44		denovo
hZRS	ETS:93	420	T	G	418	425	GATGACTT	GAGGACTT	+		0.1		denovo
hZRS	ETS:2	425	T	C	432	425	TTTTCCCC	CTTTCCCC	-	0.14	0.13	0.929	dec
hZRS	ETS:2	425	T	G	432	425	TTTTCCCC	GTTTCCCC	-	0.14	0.12	0.857	dec
hZRS	ETS:2	425	T	A	432	425	TTTTCCCC	ATTTCCCC	-	0.14	0.15	1.071	dec
hZRS	ETS:2	426	T	A	432	425	TTTTCCCC	TATTCCCC	-	0.14	0.12	0.857	dec
hZRS	ETS:2	426	T	G	432	425	TTTTCCCC	TGTTCCCC	-	0.14	0.11	0.786	dec
hZRS	ETS:2	426	T	C	432	425	TTTTCCCC	TCTTCCCC	-	0.14	0.13	0.929	dec
hZRS	ETS:2	427	T	A	432	425	TTTTCCCC	TTATCCCC	-	0.14	0.12	0.857	dec
hZRS	ETS:2	427	T	G	432	425	TTTTCCCC	TTGTCCCC	-	0.14	0.1	0.714	dec
hZRS	ETS:2	427	T	C	432	425	TTTTCCCC	TTCTCCCC	-	0.14	0.1	0.714	dec
hZRS	ETS:95	428	T	C	431	424	TTTTTCCC	TTTTCCCC	-		0.14		denovo
hZRS	ETS:2	428	T	A	432	425	TTTTCCCC	TTTACCCC	-	0.14			del
hZRS	ETS:2	428	T	G	432	425	TTTTCCCC	TTTGCCCC	-	0.14			del
hZRS	ETS:2	428	T	C	432	425	TTTTCCCC	TTTCCCCC	-	0.14			del
hZRS	ETS:2	429	C	T	432	425	TTTTCCCC	TTTTTCCC	-	0.14			del
hZRS	ETS:2	429	C	A	432	425	TTTTCCCC	TTTTACCC	-	0.14			del
hZRS	ETS:2	429	C	G	432	425	TTTTCCCC	TTTTGCCC	-	0.14			del
hZRS	ETS:96	429	C	T	433	426	TTTCCCCC	TTTTCCCC	-		0.14		denovo
hZRS	ETS:97	430	C	T	434	427	TTCCCCCC	TTCTCCCC	-		0.1		denovo
hZRS	ETS:2	430	C	A	432	425	TTTTCCCC	TTTTCACC	-	0.14			del
hZRS	ETS:2	430	C	G	432	425	TTTTCCCC	TTTTCGCC	-	0.14			del
hZRS	ETS:2	430	C	T	432	425	TTTTCCCC	TTTTCTCC	-	0.14			del
hZRS	ETS:2	431	C	A	432	425	TTTTCCCC	TTTTCCAC	-	0.14	0.12	0.857	dec
hZRS	ETS:2	431	C	G	432	425	TTTTCCCC	TTTTCCGC	-	0.14	0.18	1.286	inc
hZRS	ETS:2	431	C	T	432	425	TTTTCCCC	TTTTCCTC	-	0.14	0.16	1.143	dec
hZRS	ETS:98	431	C	T	435	428	TCCCCCCA	TCCTCCCA	-		0.11		denovo
hZRS	ETS:99	432	C	T	436	429	CCCCCCAG	CCCTCCAG	-		0.12		denovo
hZRS	ETS:2	432	C	T	432	425	TTTTCCCC	TTTTCCCT	-	0.14	0.12	0.857	dec
hZRS	ETS:2	432	C	G	432	425	TTTTCCCC	TTTTCCCG	-	0.14	0.14	1.0	dec
hZRS	ETS:2	432	C	A	432	425	TTTTCCCC	TTTTCCCA	-	0.14	0.11	0.786	dec
hZRS	ETS:99	440	C	A	436	443	GTGGCTAA	GTGGATAA	+		0.11		denovo
hZRS	ETS:100	448	T	G	445	452	TTGTATCA	TTGGATCA	+		0.1		denovo
hZRS	ETS:101	452	A	C	454	447	GTATCAGG	GTATCCGG	-		0.6		denovo
hZRS	ETS:102	454	G	T	458	451	CAGGCCTC	CAGTCCTC	-		0.1		denovo
hZRS	ETS:104	454	G	T	461	454	GCCTCCAT	TCCTCCAT	-	0.08	0.11	1.375	inc
hZRS	ETS:104	454	G	A	461	454	GCCTCCAT	ACCTCCAT	-	0.08	0.11	1.375	inc
hZRS	ETS:104	455	C	G	461	454	GCCTCCAT	GGCTCCAT	-	0.08	0.09	1.125	dec
hZRS	ETS:103	455	C	A	451	458	CAGGCCTC	CAGGACTC	+		0.09		denovo
hZRS	ETS:104	456	C	A	461	454	GCCTCCAT	GCATCCAT	-	0.08	0.11	1.375	inc
hZRS	ETS:104	456	C	G	461	454	GCCTCCAT	GCGTCCAT	-	0.08	0.09	1.125	dec
hZRS	ETS:104	456	C	T	461	454	GCCTCCAT	GCTTCCAT	-	0.08	0.13	1.625	inc
hZRS	ETS:104	457	T	A	461	454	GCCTCCAT	GCCACCAT	-	0.08			del
hZRS	ETS:104	457	T	G	461	454	GCCTCCAT	GCCGCCAT	-	0.08			del
hZRS	ETS:104	457	T	C	461	454	GCCTCCAT	GCCCCCAT	-	0.08			del
hZRS	ETS:104	458	C	T	461	454	GCCTCCAT	GCCTTCAT	-	0.08			del
hZRS	ETS:104	458	C	A	461	454	GCCTCCAT	GCCTACAT	-	0.08			del
hZRS	ETS:104	458	C	G	461	454	GCCTCCAT	GCCTGCAT	-	0.08			del
hZRS	ETS:104	459	C	T	461	454	GCCTCCAT	GCCTCTAT	-	0.08			del
hZRS	ETS:104	459	C	A	461	454	GCCTCCAT	GCCTCAAT	-	0.08			del
hZRS	ETS:104	459	C	G	461	454	GCCTCCAT	GCCTCGAT	-	0.08			del
hZRS	ETS:104	460	A	C	461	454	GCCTCCAT	GCCTCCCT	-	0.08	0.11	1.375	inc
hZRS	ETS:104	460	A	T	461	454	GCCTCCAT	GCCTCCTT	-	0.08	0.09	1.125	dec
hZRS	ETS:104	461	T	G	461	454	GCCTCCAT	GCCTCCAG	-	0.08	0.11	1.375	inc
hZRS	ETS:104	461	T	C	461	454	GCCTCCAT	GCCTCCAC	-	0.08	0.09	1.125	dec
hZRS	ETS:105	463	T	C	465	458	CCATCTTA	CCATCCTA	-		0.12		denovo
hZRS	ETS:105	467	A	G	465	472	AAAGAGAC	AAGGAGAC	+		0.09		denovo
hZRS	ETS:106	469	A	G	467	474	AGAGACAC	AGGGACAC	+		0.1		denovo
hZRS	ETS:107	475	A	G	473	480	ACAGAGTG	ACGGAGTG	+		0.1		denovo
hZRS	ETS:108	479	T	G	477	484	AGTGAGTA	AGGGAGTA	+		0.11		denovo
hZRS	ETS:3	483	T	C	483	490	TAGGAAGT	CAGGAAGT	+	0.26	0.65	2.5	inc
hZRS	ETS:3	483	T	G	483	490	TAGGAAGT	GAGGAAGT	+	0.26	0.4	1.538	inc
hZRS	ETS:109	483	T	G	480	487	GAGTAGGA	GAGGAGGA	+		0.12		denovo
hZRS	ETS:3	483	T	A	483	490	TAGGAAGT	AAGGAAGT	+	0.26	0.39	1.5	inc
hZRS	ETS:3	484	A	G	483	490	TAGGAAGT	TGGGAAGT	+	0.26	0.15	0.577	dec
hZRS	ETS:3	484	A	T	483	490	TAGGAAGT	TTGGAAGT	+	0.26	0.11	0.423	dec
hZRS	ETS:3	484	A	C	483	490	TAGGAAGT	TCGGAAGT	+	0.26	0.38	1.462	inc
hZRS	ETS:3	485	G	T	483	490	TAGGAAGT	TATGAAGT	+	0.26			del
hZRS	ETS:3	485	G	A	483	490	TAGGAAGT	TAAGAAGT	+	0.26			del
hZRS	ETS:3	485	G	C	483	490	TAGGAAGT	TACGAAGT	+	0.26			del
hZRS	ETS:3	486	G	T	483	490	TAGGAAGT	TAGTAAGT	+	0.26			del
hZRS	ETS:3	486	G	C	483	490	TAGGAAGT	TAGCAAGT	+	0.26			del
hZRS	ETS:3	486	G	A	483	490	TAGGAAGT	TAGAAAGT	+	0.26			del
hZRS	ETS:111	487	A	G	494	487	AAGTCCAG	GAGTCCAG	-	0.1	0.09	0.9	dec
hZRS	ETS:3	487	A	G	483	490	TAGGAAGT	TAGGGAGT	+	0.26			del
hZRS	ETS:3	487	A	C	483	490	TAGGAAGT	TAGGCAGT	+	0.26			del
hZRS	ETS:3	487	A	T	483	490	TAGGAAGT	TAGGTAGT	+	0.26			del
hZRS	ETS:111	487	A	T	494	487	AAGTCCAG	TAGTCCAG	-	0.1	0.1	1.0	dec
hZRS	ETS:111	487	A	C	494	487	AAGTCCAG	CAGTCCAG	-	0.1	0.1	1.0	dec
hZRS	ETS:110	487	A	G	484	491	AGGAAGTC	AGGGAGTC	+		0.1		denovo
hZRS	ETS:111	488	A	C	494	487	AAGTCCAG	ACGTCCAG	-	0.1	0.1	1.0	dec
hZRS	ETS:111	488	A	G	494	487	AAGTCCAG	AGGTCCAG	-	0.1	0.1	1.0	dec
hZRS	ETS:111	488	A	T	494	487	AAGTCCAG	ATGTCCAG	-	0.1	0.09	0.9	dec
hZRS	ETS:3	488	A	T	483	490	TAGGAAGT	TAGGATGT	+	0.26	0.17	0.654	dec
hZRS	ETS:3	488	A	C	483	490	TAGGAAGT	TAGGACGT	+	0.26	0.11	0.423	dec
hZRS	ETS:3	488	A	G	483	490	TAGGAAGT	TAGGAGGT	+	0.26	0.1	0.385	dec
hZRS	ETS:111	489	G	T	494	487	AAGTCCAG	AATTCCAG	-	0.1	0.11	1.1	dec
hZRS	ETS:111	489	G	C	494	487	AAGTCCAG	AACTCCAG	-	0.1	0.1	1.0	dec
hZRS	ETS:3	489	G	T	483	490	TAGGAAGT	TAGGAATT	+	0.26	0.12	0.462	dec
hZRS	ETS:3	489	G	C	483	490	TAGGAAGT	TAGGAACT	+	0.26	0.11	0.423	dec
hZRS	ETS:3	489	G	A	483	490	TAGGAAGT	TAGGAAAT	+	0.26	0.21	0.808	dec
hZRS	ETS:111	489	G	A	494	487	AAGTCCAG	AAATCCAG	-	0.1	0.12	1.2	dec
hZRS	ETS:111	490	T	A	494	487	AAGTCCAG	AAGACCAG	-	0.1			del
hZRS	ETS:111	490	T	G	494	487	AAGTCCAG	AAGGCCAG	-	0.1			del
hZRS	ETS:3	490	T	G	483	490	TAGGAAGT	TAGGAAGG	+	0.26	0.12	0.462	dec
hZRS	ETS:3	490	T	A	483	490	TAGGAAGT	TAGGAAGA	+	0.26	0.13	0.5	dec
hZRS	ETS:3	490	T	C	483	490	TAGGAAGT	TAGGAAGC	+	0.26	0.16	0.615	dec
hZRS	ETS:111	490	T	C	494	487	AAGTCCAG	AAGCCCAG	-	0.1			del
